{"cameraMode":{"drawMode":0,"name":"Shaded","section":"Shading Mode"},"sceneLighting":true,"audioPlay":false,"sceneViewState":{"m_AlwaysRefresh":false,"showFog":true,"showSkybox":true,"showFlares":true,"showImageEffects":true,"showParticleSystems":true,"showVisualEffectGraphs":true,"m_FxEnabled":true},"in2DMode":false,"pivot":{"x":3.7118330001831056,"y":-10.548456192016602,"z":14.497271537780762},"rotation":{"x":-0.3681189715862274,"y":0.07559052854776383,"z":-0.030593113973736764,"w":-0.9263088703155518},"size":12.12435531616211,"orthographic":false}