{"cameraMode":{"drawMode":0,"name":"Shaded","section":"Shading Mode"},"sceneLighting":true,"audioPlay":false,"sceneViewState":{"m_AlwaysRefresh":false,"showFog":true,"showSkybox":true,"showFlares":true,"showImageEffects":true,"showParticleSystems":true,"showVisualEffectGraphs":true,"m_FxEnabled":true},"in2DMode":false,"pivot":{"x":1.8816660642623902,"y":1.9167382717132569,"z":0.1294199824333191},"rotation":{"x":-0.2534494400024414,"y":0.7380320429801941,"z":-0.37358540296554568,"w":-0.5018008351325989},"size":1.2668596506118775,"orthographic":false}