{"cameraMode":{"drawMode":0,"name":"Shaded","section":"Shading Mode"},"sceneLighting":true,"audioPlay":false,"sceneViewState":{"m_AlwaysRefresh":false,"showFog":true,"showSkybox":true,"showFlares":true,"showImageEffects":true,"showParticleSystems":true,"showVisualEffectGraphs":true,"m_FxEnabled":true},"in2DMode":false,"pivot":{"x":2.5475425720214845,"y":-0.6367162466049194,"z":0.8793458342552185},"rotation":{"x":-0.017376212403178216,"y":0.7285306453704834,"z":-0.019089100882411004,"w":-0.6847409605979919},"size":0.8837260007858276,"orthographic":false}